donor_id,name,email,password,contact_number,city,blood_group,availability,months_since_first_donation,number_of_donation,pints_donated,created_at
1b8b4c828a,Norma Fisher,ysullivan@yahoo.com,P5hX6Syg*A,+61 461706749,Hobart,A+,No,65,31,62,3/17/2017
a6a3f7fe55,Eugene Bowman,hramos@brown-sellers.com,b6Wq6Cqz@5,+61 450709944,Darwin,AB-,Yes,64,8,16,11/11/2016
cee6478144,Sheri Bolton DDS,jasmine85@hotmail.com,$9RB51m#s7,+61 428756361,Melbourne,AB+,Yes,39,6,6,2/25/2022
5986bc55f9,Kelly Boyd,pattylawrence@riley-hayes.com,@5Tdg(4kCm,+61 454318320,Darwin,A-,No,55,20,20,4/4/2025
93246afe6c,Taylor Guzman,martinezjacob@wilson.com,x!)9Ag@J*7,+61 484158472,Darwin,O-,No,7,35,35,11/30/2022
486ffe4e4a,Jonathan Williams,wgonzalez@harrison.com,R(2bFckq!a,+61 422518737,Hobart,A+,No,105,21,21,9/16/2015
32e4e74c30,Bob Stevenson,johnbenton@yahoo.com,Vs)4AhVlVd,+61 453648190,Melbourne,B-,Yes,30,9,18,2/28/2025
62927f7975,Amanda Savage,martincaleb@hotmail.com,p7Q#Cn$m#I,+61 422242798,Melbourne,AB-,No,13,19,38,5/1/2022
17a47b3f43,Jennifer Smith,bairdemma@davis.com,p%28Dpp)Qa,+61 426751810,Canberra,B-,No,56,5,10,10/24/2015
c6f6371120,Daniel Green,sheena09@hotmail.com,*RUVn+Ckf7,+61 452553307,Perth,AB+,Yes,24,11,11,1/14/2018
f89330b850,Mrs. Jennifer Kelley,woodsjohn@gmail.com,%2CI*tQxyD,+61 492245023,Adelaide,O-,Yes,11,43,43,8/18/2020
60931e1f15,Michael Moore,odrake@jones.com,!H3LBVmJF+,+61 430072305,Sydney,A-,No,107,45,90,10/5/2018
44fad39405,Austin Boyer,mgoodwin@crawford.com,Y*LEn0Zg_Z,+61 480033481,Perth,B-,No,74,17,34,12/23/2023
6d2375114d,Miss Shelly Daniels DVM,janice55@warren.org,fl6&qS4j#o,+61 476123086,Canberra,A-,No,78,7,14,12/31/2021
d3cf2f45e3,Kathryn Berry,nbullock@nichols-george.info,&l9!SPh%pv,+61 488795832,Canberra,B-,Yes,2,46,92,8/30/2017
31a2187b90,Nicholas Cook,fbutler@love.com,&0M+#XToSD,+61 425721498,Perth,AB-,Yes,42,27,27,6/12/2023
f156dbaba5,Taylor Santos,susanhughes@yahoo.com,+#HFQEYw1z,+61 423503312,Brisbane,B-,Yes,104,36,36,3/23/2025
b38a588db1,Crystal Frank,sonia26@hotmail.com,&1+wDnIOpC,+61 413583183,Melbourne,B-,Yes,50,5,10,5/16/2021
c11cb69c56,Adam Mccann,carlsondouglas@gmail.com,9dv$1XNa7#,+61 425575449,Sydney,A+,Yes,23,45,45,7/15/2020
981863c515,Tina Fields,garciabeverly@bennett.com,515bQWhd)$,+61 474321652,Perth,A+,Yes,69,27,27,7/12/2021
a0921d7309,Jeremy Wood,aortiz@valenzuela.info,8T2kLZid@L,+61 444885857,Melbourne,B-,Yes,82,19,38,12/19/2016
85fcb7c9c7,Mr. Aaron Hale,robinsondanny@hotmail.com,%h&OTSeY87,+61 468528143,Brisbane,A+,No,5,38,38,5/23/2025
2cbbfb8fa6,Jill Francis,monica39@gmail.com,A1RZu0i9!U,+61 462516202,Perth,AB+,No,115,46,92,9/28/2024
9199ff9a5c,Richard French,owatson@gmail.com,#V1bWMIddB,+61 486473039,Brisbane,B-,Yes,100,43,43,12/5/2023
4459920138,Marc Johnson,aoneal@hotmail.com,uxE1V8Z9s@,+61 431737107,Canberra,AB+,Yes,76,28,28,11/17/2022
322ed71ff9,Gary Jackson,thernandez@gmail.com,(5kElGg2vV,+61 411772178,Darwin,O+,No,83,22,44,9/3/2018
2197bdc23c,Patrick Byrd,cheyenne84@jenkins-brown.net,UOeX7$n!_8,+61 498263752,Adelaide,B+,Yes,58,47,47,4/4/2019
a97eb571ff,Gerald Garcia,marcus75@johnson-williams.com,Q3bgBp6l@$,+61 455085956,Sydney,AB+,Yes,30,48,96,12/3/2023
0ca95c6050,Amber Lamb,falexander@gmail.com,Iu$^1Ye#1O,+61 457274914,Adelaide,AB-,Yes,91,19,38,4/27/2017
048f51a5c3,Donna Weaver,kimberly89@herrera-green.com,e!I41zTRJz,+61 465622240,Melbourne,A+,Yes,89,21,21,8/8/2021
c7f9c60103,Mitchell Payne,jodivalenzuela@gmail.com,54V0lSkV(),+61 442133866,Perth,O-,No,90,43,86,10/20/2017
cd9e28dfdd,Rachael Hampton,jessicacabrera@gomez-garza.info,W@9wA0rlgq,+61 414233962,Hobart,O+,Yes,21,28,28,5/2/2022
e3990132f1,Samantha Floyd,clarkleslie@hotmail.com,$57OAvRg+@,+61 444792848,Brisbane,O-,No,116,35,35,7/22/2016
c875c0deb3,Matthew Taylor,wgraham@thompson-murphy.biz,RiNeiT)w&0,+61 415222436,Darwin,AB-,No,107,29,29,2/9/2021
817cef3327,Ronald Thompson,juliamassey@jackson.org,eX9UgFYo@E,+61 465718800,Perth,A-,Yes,1,25,50,7/19/2021
5a32af3fa4,Paul Morgan,hsmith@yahoo.com,RSvBy(D$(7,+61 452436577,Sydney,B-,Yes,91,48,48,4/11/2024
2d5678fff9,William Bonilla,knightmark@willis.net,_hFmTweYB5,+61 480913396,Melbourne,B-,Yes,77,41,41,11/21/2017
acf2af789b,Jessica Peterson,qbrowning@osborne.net,0a+(4Fqh&9,+61 450589594,Adelaide,B+,Yes,60,25,25,4/26/2021
e61bb198e6,Richard Moody,kristenmiles@cruz.biz,is9Zz2Ed@_,+61 412932053,Adelaide,O-,Yes,110,16,16,8/22/2022
cbbfd26d7a,Jerome Manning,rubiofrank@gmail.com,&iECAOIiH6,+61 497720276,Canberra,A-,Yes,35,1,1,7/12/2021
287ab04c21,Beth Page,sanderssamantha@gmail.com,E^1bSBlw@!,+61 415457732,Perth,AB+,No,46,36,36,1/2/2018
78887515c6,Eric Brown,reneethornton@gallagher.com,6mF07lCl(Q,+61 491550221,Darwin,O-,No,47,34,34,6/16/2025
edfa365f49,Jose Huang,leekrystal@hotmail.com,et)j%7Qfj$,+61 437896363,Hobart,AB+,Yes,17,9,18,3/18/2024
62dbf1fb9d,Ryan Fields,sara22@morgan.com,dktW60UbI!,+61 454749316,Canberra,AB-,Yes,43,49,49,7/27/2018
7884d76c18,Robert Lee,howarddavid@yahoo.com,!tBkMdNp2H,+61 415530166,Adelaide,B+,Yes,74,18,36,11/9/2016
3148ee3d8c,Tyler Ruiz,reginagarrett@moyer-smith.com,#j+8Wve@wY,+61 462988082,Brisbane,AB+,Yes,61,46,46,1/31/2021
45494a599c,David Perez,kcox@gmail.com,+&9f0+aB!Y,+61 416476859,Adelaide,B+,Yes,38,25,50,12/12/2015
6e85393e3c,Keith Parks,michaelrobinson@jones-russell.com,@4HNHVnhr6,+61 450161367,Hobart,A-,Yes,71,30,60,3/12/2020
4d9cb2b62c,Frank Yates,thomasphilip@simon-bray.biz,7DITz8Po@Y,+61 455242184,Canberra,A-,No,14,44,88,11/17/2019
2768b6271c,Kevin Phillips,andrea06@brooks-clark.com,#JTlecjS10,+61 467248602,Sydney,AB+,No,94,43,43,10/20/2017
86ac64c58d,Heather Macias,gabrielle64@gmail.com,^8KhArrDwP,+61 432354791,Hobart,A-,Yes,103,5,5,6/3/2025
1ab37e044c,Michele Walls,caitlinmorrison@rodriguez.biz,d0A(LV6O@u,+61 439669999,Sydney,O+,Yes,12,25,50,5/2/2018
03d2bc5b75,Kelly Franklin,zerickson@smith-taylor.biz,tu&V7PSb#n,+61 470202594,Darwin,B-,No,10,23,23,7/29/2018
28275acb69,Jackson Turner,ejones@long-benton.net,m9E&a%Ph@4,+61 445019624,Brisbane,O+,Yes,45,7,7,4/26/2017
3ed8e00b9a,Kristin Baxter,jenningsjohn@yahoo.com,OwP%4H4aGi,+61 413706952,Darwin,B-,Yes,63,25,50,4/22/2020
5c6848db10,Carl Osborne,vincent73@hotmail.com,JE+5zUNlLD,+61 437814204,Sydney,B-,Yes,13,12,24,5/22/2019
7494581cd1,James Price,emmashaw@yahoo.com,$5Qwmv$jI7,+61 460738591,Canberra,B+,Yes,76,31,31,6/22/2019
4e68996faa,Aimee Nichols,underwoodcatherine@miller.com,!15uTnKGi8,+61 485685929,Hobart,O+,No,86,20,40,9/30/2021
39a03993c5,Megan Davidson,sierra14@schwartz.com,B&3TSNvL1S,+61 476927212,Perth,B-,Yes,43,45,90,2/8/2025
7b3c78e7ad,Samantha Boyer,michaelrowe@yahoo.com,S7Xa5N_K!N,+61 453194605,Sydney,B+,No,77,50,50,8/6/2020
a6e2bed7f6,Lynn Martinez,matthewcook@trujillo.com,Gk7xrcGf1&,+61 460869204,Adelaide,O-,Yes,102,5,5,3/16/2025
64e67bcf11,Linda Johnson,angela30@gmail.com,qX!2xHuo9c,+61 418905975,Perth,B+,Yes,38,0,0,12/23/2024
1694279b78,Michelle Myers,ojones@gmail.com,#sO@3pVw63,+61 454371624,Brisbane,B+,No,47,32,64,9/29/2020
57cb8819a9,Joshua Miller,harrischristina@yahoo.com,i5x1pXa7%8,+61 481109580,Sydney,A-,Yes,95,27,27,5/19/2019
086938ccb6,Deborah Davis,courtney97@moses.info,q&Wv5Mxe6Y,+61 448878062,Hobart,O-,No,77,37,37,6/16/2020
03f6ee36d8,Robert Lopez,zachary02@weiss-walsh.com,X2kLUdpV^Q,+61 412749018,Sydney,B+,No,64,36,72,3/10/2019
6ad29c10e6,Melissa Hayden MD,eric58@gmail.com,8$7KeAew#X,+61 454652334,Melbourne,O-,No,120,19,38,3/20/2024
30794b3812,Sharon Davis,millertiffany@yahoo.com,#d#Hu7qa4S,+61 461561045,Hobart,A+,Yes,82,8,8,11/17/2017
99a1dc07a5,Anthony Price,jonedwards@hotmail.com,*0$eNW&d7),+61 448532344,Canberra,A+,Yes,61,26,26,7/15/2022
b11175dfb0,David Campbell,druiz@gmail.com,64LgS6#5+8,+61 476012433,Melbourne,B+,No,52,2,4,5/9/2018
aa42fcf1e8,Kelly Schroeder,mtyler@jenkins.net,Q&pR3Mrh5H,+61 461899714,Darwin,A+,Yes,60,49,49,3/7/2018
3e63937146,Natalie Hodge,steelejohn@strickland.net,DEnAZ0Tev%,+61 412714966,Sydney,B+,No,13,44,88,8/15/2020
b778d403c4,John Phillips,melissa96@yahoo.com,AmT56W0q)h,+61 436168916,Hobart,O-,Yes,112,3,6,11/14/2022
201f3391e3,Terrence Rose,stephen10@harper.com,taX$b2Tf0q,+61 492454089,Canberra,A-,No,100,8,16,7/13/2021
c4d595fa56,Jeffrey Wilson,alexisschmidt@rodgers-harrell.biz,$zFPVvpt5s,+61 449433642,Melbourne,B-,Yes,100,25,50,8/18/2022
181fee608c,Mark Sims,morgandevon@burgess.com,h%1THLbzJO,+61 459872843,Perth,O-,No,101,40,40,7/2/2020
009509cdab,Ariel Duran,kristen58@hotmail.com,@j_BGytBm0,+61 415991600,Sydney,O-,No,115,1,1,1/21/2019
0b0cb677dd,Thomas Johnson,annwarner@yahoo.com,&q_8B3xnU9,+61 440823804,Melbourne,O+,No,14,9,18,5/16/2016
6bd28e8f2b,Paula Walter,kendrawall@hotmail.com,g#_U%1KaNR,+61 485968975,Hobart,A-,Yes,53,4,4,5/11/2022
d49f014659,Kristen Stone,dawnpoole@edwards.com,97ADqvVB&Y,+61 465722026,Brisbane,A+,No,55,43,86,1/10/2022
daddbe9b4b,Holly Sparks,autumnalvarez@graham-montgomery.net,yU!8DQhdJm,+61 414044548,Darwin,AB-,No,10,22,22,3/28/2016
344a988e25,Karen Barrett,rdominguez@webb.org,BCJTo_J5)2,+61 426291079,Canberra,A+,No,44,11,11,10/28/2021
5cab8279af,Cynthia Morgan,john48@herrera.org,@WW7&PgGPE,+61 440936318,Canberra,A-,Yes,26,0,0,11/6/2018
c189f1b415,Carla Grant,walter76@allison-newton.biz,B1XTAspN!k,+61 498451964,Melbourne,A+,No,47,44,44,3/23/2024
942e6f71ef,Nicholas Carlson,andrewkramer@collins.com,8)9Q_qgk_X,+61 491181356,Perth,B+,Yes,58,7,14,8/4/2018
70e793f041,Kevin Bell,karinafigueroa@gmail.com,kg+93W!iN$,+61 456231243,Adelaide,B+,Yes,26,23,46,11/18/2020
28713d2882,Jessica Shepard,craighenry@yahoo.com,9H9(Jag_(t,+61 473534699,Adelaide,AB+,No,23,37,37,10/25/2018
3b0160ce08,Cassandra Jones,nicholas05@yahoo.com,j6UaAKRe+3,+61 423768113,Adelaide,B+,No,114,9,9,5/9/2018
ec8a0a0992,David Davis,jjones@gmail.com,(u*)GUZpH3,+61 439906048,Canberra,B-,Yes,96,11,22,6/18/2021
2df305a0f5,Randy Harris,scottholmes@petersen.com,8tH7vCAbX*,+61 459990993,Hobart,A+,Yes,76,1,2,10/23/2017
92ae7b4dcf,Shawn Vincent,douglas52@gmail.com,f(52KQJvG#,+61 420458395,Melbourne,B+,No,38,35,70,6/15/2024
60f7c9c90d,Lance Bell,nbaker@david.info,AF&F6*6bp(,+61 429096964,Hobart,AB+,No,10,15,30,6/18/2025
63027729ed,Justin Bennett,sheltonbianca@chan.com,Wi_Z3iEw^!,+61 494930159,Canberra,A+,No,52,0,0,3/14/2016
f6db482658,Brenda Werner,marvin66@terrell.com,_q3SqixQ$1,+61 453039733,Darwin,B-,No,37,30,30,7/27/2020
4f5316403e,Matthew Nelson,christopher27@gmail.com,j9Y&7UBu!*,+61 434891778,Melbourne,AB+,Yes,71,38,38,7/4/2023
caea03542c,Jared Franklin,heatherclark@yahoo.com,KB+2I1VaEf,+61 469883169,Hobart,B+,No,55,11,11,12/2/2022
5123f24833,Kevin Downs,codyherring@hotmail.com,+6U%opAQTc,+61 470860630,Canberra,B+,No,59,40,40,3/29/2021
839bffb8ff,Craig Brooks,amy76@gmail.com,fB0jD*Xk6@,+61 474865815,Perth,AB+,Yes,106,44,88,12/17/2015
6276dd3004,Alexis Martinez,mccoypatrick@yahoo.com,ZP+16HJo5D,+61 493045275,Darwin,A+,Yes,38,7,14,9/1/2018
42ecde716b,Stephanie Morris,thomas43@hendrix.net,W3MIMww!#^,+61 483176594,Brisbane,O+,No,11,43,86,3/29/2020
57ed7c5f78,Jeffrey Stephens,gonzalezkenneth@yahoo.com,8#DZWZjj*x,+61 441187196,Hobart,AB+,Yes,15,17,17,10/1/2023
6693a22e82,Michael Reynolds,terry54@yahoo.com,)2Lcz5@D1b,+61 410033985,Adelaide,O+,No,56,6,12,5/22/2019
55aed7f494,Cassidy Pena,zwhite@yahoo.com,%8*(mBlf#m,+61 457489189,Adelaide,B-,Yes,4,4,8,6/29/2020
72f198a783,Timothy Schultz,bliu@williams.com,!!+40aVbgJ,+61 451017465,Canberra,A-,Yes,114,48,48,11/10/2022
c0e400019f,John Heath,taylornathan@dixon-miller.net,fz8RBHdt5!,+61 419139283,Hobart,AB+,No,66,8,8,4/27/2020
2be10d41e5,Kathy Smith,jonathanmaldonado@delgado.com,b87_XtDp@Y,+61 481320053,Melbourne,O+,No,94,49,98,12/15/2020
41ee1ca004,Brian Lambert,lauren14@grant-johnson.com,J7$6ByfzZ!,+61 449225690,Darwin,AB-,Yes,20,7,7,5/28/2024
aa857ef3c9,Carolyn Gonzalez,smitchell@williams.com,^2t#SMhqaV,+61 461194366,Hobart,O-,Yes,71,42,84,9/6/2021
377b1d9e45,Sean Perez,estradasarah@hotmail.com,++NzygZ3%7,+61 457520841,Darwin,O+,Yes,61,31,62,3/5/2017
fd423e4f70,Danielle Sanders DDS,amanda67@yahoo.com,@kFQOZT34a,+61 476131725,Sydney,O-,No,18,47,94,3/24/2020
a332c9c91e,Allison Vasquez,andrea87@hotmail.com,lh+37S0fYy,+61 417033797,Perth,A+,No,60,25,25,11/8/2023
0f7cc0f253,Joseph Mcbride,wardwilliam@li-santos.org,_@4$EqQ_M_,+61 480709659,Melbourne,A-,No,0,23,23,6/16/2023
de9ff39987,Amanda Garcia,torreskyle@diaz.info,&&6JUFJgJj,+61 425589671,Sydney,AB+,No,93,14,14,12/20/2020
e704a167c0,Robert Cole,stevenanderson@pratt-crawford.com,(0a9Toz(BC,+61 486886670,Adelaide,B-,Yes,55,29,58,9/2/2018
7df438b982,Justin Alvarez,marquezpaula@rodriguez.info,%(2nW&eU*h,+61 461557076,Brisbane,AB-,No,82,43,86,3/13/2023
c03af1f5d3,Pamela Sims,patricia22@hotmail.com,@i3LsUCqkA,+61 429866812,Darwin,B+,No,16,13,13,5/6/2019
63fc874f24,Ana Moon,wgarcia@gmail.com,@SEpgZNPb5,+61 469609359,Canberra,O+,No,103,31,62,2/12/2020
90aefd4656,Joshua Whitaker,dthompson@yahoo.com,(8RJXDzt_f,+61 439549310,Perth,O-,Yes,75,45,45,1/21/2025
6f25a480f7,Sarah Hubbard,morrislarry@cannon.com,$y2XysZlW4,+61 462123132,Sydney,B-,Yes,111,11,22,12/2/2018
299d7db3cf,Mark Velazquez,nicole75@hotmail.com,7qK&7CKz8d,+61 417649132,Brisbane,B-,No,78,5,10,10/15/2022
6ba9693228,Samantha Mcfarland,thomastapia@weber.com,V%8Q6x(vQf,+61 457388398,Hobart,O-,Yes,80,44,88,8/9/2021
cd75e4f34f,Brendan Freeman,catherinegallagher@hotmail.com,_9*svJud*C,+61 487975149,Darwin,O-,No,90,30,30,1/12/2017
9f28e00c96,Antonio Cooper,sara91@jones-franklin.com,DW&8L6Xb_$,+61 455257447,Adelaide,A+,Yes,6,10,20,2/14/2022
0af69c9f1a,Denise Campbell,lambstanley@gmail.com,W4KXtIjp#l,+61 410520033,Adelaide,A+,Yes,8,50,100,3/14/2023
2b07806bd9,Tammy May,vunderwood@holt.com,22zfCv#c)E,+61 439818683,Hobart,B-,No,24,21,21,10/17/2020
bf5d02e966,Jessica Singleton,boydcaitlin@yahoo.com,#NAME?,+61 491383524,Melbourne,AB-,No,68,29,58,10/25/2016
ffd6b85f26,Tammy Jenkins,amandarobinson@chavez.com,V$wYt%^a#2,+61 444292610,Sydney,A+,Yes,47,5,5,2/26/2025
abb6fb7f49,Jake Gardner,diana83@torres.com,%EDnWm!jJ5,+61 480399158,Canberra,B-,Yes,32,43,86,8/24/2024
85f9fe48ae,Ricardo Barnett,phillipharper@robinson.com,&@B62JEf#O,+61 451907082,Hobart,AB+,No,44,45,45,8/17/2018
ccd0cbf1a7,Christy Gonzalez,mark42@gmail.com,vlIUkt0b)6,+61 415973078,Adelaide,A-,Yes,58,31,62,8/31/2021
a66fe29ab1,Maria Warren,ktucker@miller.com,XZRk56De$!,+61 416371118,Hobart,O-,No,56,7,7,7/7/2016
4f5bf12346,Leah Lee,travis40@terry-howard.com,1^R3Hxg@R$,+61 420935657,Perth,A-,Yes,52,13,26,3/11/2024
0b6027bdef,Brady Donaldson,harry14@hotmail.com,s+4uUFNpJu,+61 492242811,Melbourne,O+,No,5,11,11,2/12/2024
8d708378f9,Timothy Murray,lorraine47@gmail.com,0M1iN5YJ%w,+61 475768492,Perth,B+,No,119,22,44,4/30/2016
fba0149a8c,Patrick Mills,frankpearson@nichols.com,JhWQx1a@^7,+61 468363731,Melbourne,AB+,Yes,91,18,36,4/6/2017
d8af5c31bc,Karen Gilbert,matthew91@gmail.com,e!VD6IsqL),+61 478992672,Darwin,AB+,No,29,1,1,10/27/2019
9f08500603,Greg Morris,jessica56@smith.org,Wzr4KM)aT(,+61 492526676,Melbourne,B+,No,31,13,26,4/16/2019
d209d017ae,Emily Schultz,brownjoshua@yahoo.com,!q0zXoib$2,+61 498532804,Sydney,O+,Yes,15,24,48,10/30/2020
1e942fb480,Dr. Kathleen Frost,davidlewis@garcia.com,nlCsHgiQ)8,+61 425870482,Canberra,B-,No,28,47,47,8/3/2020
9651f1e8da,Megan Larson,pduncan@baker-bates.com,x9L*VWcf^i,+61 418695588,Adelaide,AB-,Yes,47,40,80,11/2/2018
b9d972f3d0,Mary Giles,collinssteven@wade.com,2(4tAZijvj,+61 448497811,Brisbane,B+,Yes,70,32,64,4/5/2023
e9a447d943,Gregory Weber,andreagibson@alvarez-miller.com,EiEG0Yr$P(,+61 459256195,Sydney,B+,No,19,11,11,6/7/2021
a5c70ea4aa,Rhonda Guerra,rachel44@smith-moore.com,b1ZW#@Ux$1,+61 428197343,Perth,O-,Yes,30,46,46,12/29/2019
72f8341a9f,Anthony Scott,cookbreanna@yahoo.com,^KBcGxx33T,+61 441365283,Hobart,AB-,Yes,80,31,31,8/6/2019
a054b2331a,Kimberly Hamilton,george54@hotmail.com,!mHw_yCT^4,+61 492680371,Sydney,AB-,No,58,19,19,9/3/2018
b92dca66c4,Albert Roberts,briannasmith@peterson-downs.com,EgN+n1)m^1,+61 439537777,Brisbane,O-,No,69,20,20,7/31/2021
d0ce029dbf,Dennis Lopez,connor24@gmail.com,^FqY_c2Vz7,+61 444783638,Brisbane,O+,Yes,105,20,40,10/26/2017
e1a94498dc,Jason Hull,ferrellkeith@gonzalez.com,Wy&9PppPLU,+61 461551999,Sydney,B-,Yes,40,46,46,10/19/2015
d417b099a5,Judith Townsend,william34@hotmail.com,8FpWe4!p!7,+61 456058876,Darwin,B-,No,44,42,42,8/17/2017
4024b8a9aa,Jeanette Summers,patricia79@hotmail.com,#n0X9OHt5o,+61 450923310,Sydney,AB-,Yes,93,40,40,6/21/2022
ed94cb353b,Eduardo Shields,joseph23@anderson-reed.org,d2U8BUn*)e,+61 457435171,Sydney,O-,Yes,3,15,15,1/1/2016
75bfb0a9a3,Jeff Webb,davidhenderson@hotmail.com,Syl+!GI#@9,+61 411669834,Perth,AB-,Yes,105,3,6,4/13/2017
438d5a0fb3,Cheryl Morris,blakelam@gmail.com,_Z5G*fn8ug,+61 499117301,Hobart,B+,Yes,57,27,27,5/19/2024
968dd474ec,Miguel Lewis,melissa54@hall.org,Z_1CXxInAU,+61 458054662,Adelaide,B+,No,93,50,100,1/7/2021
85a562441a,David Williams,jwoods@coleman.com,e*Lv1KfL+),+61 461360867,Sydney,O+,No,68,34,68,2/21/2022
75ee7d9033,Neil Weaver,charlottereed@hill.com,BE#u3JYsh&,+61 415628963,Melbourne,O+,No,21,0,0,12/11/2015
75a7e9f6ca,Janet Fisher,bradley51@vaughn.net,_3U1S1yT5t,+61 493462486,Brisbane,A-,No,30,11,11,5/17/2024
38adbb34b1,Sarah Wiggins,qvazquez@jones-perez.com,JX2#6bVpU#,+61 412949475,Brisbane,B+,Yes,54,38,38,4/4/2023
4cac2df7bb,Regina Rivera,evansamanda@morgan.com,9G$8nNi25v,+61 493283465,Darwin,B+,Yes,32,21,42,5/28/2023
e3f91c025d,Danielle Mills,lroy@yahoo.com,*Q7!1@FuJs,+61 413659739,Sydney,O-,Yes,45,18,18,3/27/2025
f59c497239,Susan Johnson,rachelhardy@taylor-carter.info,$6IfKAeG1x,+61 471487398,Perth,AB-,Yes,94,48,96,7/10/2021
d950fb9146,Scott Johnson,jonathanbennett@yahoo.com,*pQQFggTH7,+61 455318047,Adelaide,O-,No,1,19,38,12/20/2016
5303a6e03a,Tina Burke,stevensandrew@wright-strong.com,Jeej8Fwf%+,+61 483879940,Darwin,A+,No,119,43,43,4/18/2020
a5e67f1103,Gary Brooks,dayamanda@davis.com,Y(4!luXlz(,+61 471192240,Hobart,A-,No,44,31,31,12/28/2021
3164e132be,Jennifer Hoffman,ronald42@dickson.info,5bbZtKfP(R,+61 412776128,Adelaide,A+,No,87,43,86,3/25/2024
b975c61179,Nicholas Cruz,colleenwall@phillips-williams.biz,cF5(0WffCb,+61 437796219,Canberra,O+,No,26,7,14,1/27/2024
02b283aebc,Cynthia Willis,nmueller@martin-lopez.com,HH#Xe1amA!,+61 442567474,Canberra,B+,Yes,42,47,47,9/7/2021
9754f0b09d,Kevin Norton,tmathews@yahoo.com,+YK23mca1+,+61 488508337,Sydney,B+,No,46,18,36,7/9/2022
38fbe9b659,Melissa Mckay,knighttamara@gibson-lee.info,699buBaf_6,+61 453352652,Darwin,O+,No,21,0,0,9/7/2016
3e430df817,Christine Morse,pbell@gmail.com,7T7yLa1c+g,+61 486316570,Sydney,O-,Yes,43,0,0,8/2/2015
13da3ded18,Stephanie Graham,cwilliams@gmail.com,&x6Y7@Nu$w,+61 499148626,Adelaide,B-,Yes,70,27,54,10/20/2015
484c7d8d04,Jerry Rivera,goldencaitlin@walsh.com,vT^Izoyo!7,+61 433331542,Brisbane,A-,Yes,74,7,14,5/27/2024
8d5ba298de,Cody Jones,gmcdowell@yahoo.com,(2xD$l#8aU,+61 468336064,Adelaide,AB+,No,1,27,54,1/18/2017
dc31c18570,John Villegas,rhall@burke.com,u(F19Llq!O,+61 444653777,Canberra,AB-,Yes,90,50,100,7/30/2024
81d8afb60e,Candice Walsh,mitchelljanice@brown-howard.info,)9xsEGofdW,+61 429019623,Sydney,B+,No,46,29,29,2/11/2022
b12187977a,David Rosales,tmckay@hotmail.com,gF32CZF%%3,+61 485376494,Hobart,B-,Yes,46,33,33,2/4/2018
e64925e486,Joel Morgan,ronald27@hotmail.com,#nB#rEEb)7,+61 436106612,Canberra,O-,Yes,93,47,47,12/12/2022
2367469346,Vanessa Sawyer,gibsoncameron@harris.org,985D%L^a$s,+61 486713320,Perth,AB+,Yes,120,48,96,9/22/2015
86a8ff14b4,Bradley Tucker,aliciacraig@garcia-anderson.info,)qRUuWJs9P,+61 420458852,Darwin,B-,No,110,32,32,1/21/2020
4ea51ae9cc,Nicole Li,wolfbarbara@hotmail.com,+74O$gvC0p,+61 435270435,Brisbane,O-,Yes,118,27,54,3/11/2021
139cada7a6,Melissa Floyd,nharrell@barajas.biz,$+lw1Tl7Ep,+61 446487458,Adelaide,O+,No,78,20,20,1/15/2019
583e7b7cd4,Holly Davis,avalencia@willis.biz,Y^1A+Ujg^s,+61 451207409,Sydney,O-,Yes,97,16,16,8/13/2015
d5d8d339d7,Katelyn Howell,megan43@shah.com,%x9Lo2FyJx,+61 463405027,Hobart,O+,No,89,2,4,11/9/2023
81e7081e39,Anthony Snyder,boltonmarie@hotmail.com,%rZzDTZnH4,+61 457591335,Brisbane,AB+,No,105,1,2,1/26/2024
7894975b82,Connie Robbins,cassiehutchinson@hotmail.com,S7DL8+Mdy@,+61 473582283,Brisbane,A+,Yes,72,22,44,7/20/2024
885e77bbfd,Courtney Martin,pstevenson@roth-lopez.org,+53EcG0dXt,+61 410603068,Melbourne,B-,Yes,85,34,68,6/3/2016
edebe38358,Travis Roberts,rhill@hotmail.com,tC8(TdXX^G,+61 415787490,Canberra,A+,No,50,8,16,10/27/2017
9400297b5f,Angela Davis,dianamiddleton@price.com,f@2l8WsT+^,+61 464548337,Brisbane,B+,No,110,19,19,2/22/2019
c5f791f138,Christopher Schneider DDS,xkramer@gmail.com,Dy0KLkOaA+,+61 431865651,Brisbane,B+,No,90,41,41,1/8/2024
7f89594efe,Candice Johnson,ronald31@yahoo.com,U7xWXx#R+t,+61 479740624,Sydney,O+,Yes,44,37,37,10/25/2021
116d9462e1,Ricardo Hines,matthewwoods@yahoo.com,^T8ATjBl2N,+61 420835319,Brisbane,AB+,Yes,102,16,32,4/9/2017
395426c938,Daniel Yang,blopez@gray.biz,b%(QYTfh^8,+61 444075460,Adelaide,O-,Yes,96,28,28,12/25/2017
6d6ad8d098,Matthew Roberson,joshua27@murphy.com,$2%Xt8mJ+t,+61 415180957,Brisbane,A+,No,104,4,4,4/22/2025
15699b3858,Jeffrey Kennedy,kleintravis@yahoo.com,0VM2Vb6$)z,+61 497026766,Darwin,B-,No,66,10,20,2/23/2022
01f5e74905,Daniel Mayer,andres10@robinson.org,8m1L4R&P1+,+61 497940435,Brisbane,O-,Yes,69,5,10,11/29/2019
27c9b812cf,Jessica Torres,shellyjennings@clark.com,e&8mPPiO#O,+61 410330241,Melbourne,A-,No,77,22,44,7/9/2015
72efa8c171,Robert Lynch,umclean@stephens.com,u9ycMS2u$P,+61 455071305,Hobart,AB-,Yes,17,20,20,5/5/2022
6264b8d665,Elizabeth Medina,alvarezholly@griffin.com,%0@WMt$&zt,+61 434508059,Brisbane,A+,No,113,38,38,10/26/2020
5c85bd9f99,Ronald Franklin,zchandler@wyatt-johnson.com,^$#FnSo+y5,+61 415924304,Hobart,A+,No,101,24,24,7/9/2018
60966e618f,Tanya Hernandez,kenneth68@ayala.com,yk!5SmjrNd,+61 490590869,Brisbane,AB-,Yes,52,3,6,10/25/2021
d19e049e7f,Wendy Ramos,iclark@yahoo.com,X1V*tXgd^v,+61 457644648,Adelaide,AB+,No,52,11,11,1/16/2017
aa28b3b423,Dr. John Mccann,ewatson@gmail.com,$T_84#HuI_,+61 470898482,Adelaide,B-,No,8,22,22,2/22/2016
89ce8d2dc2,Ronald Gibson,carla40@gmail.com,&((4Ih*3Er,+61 426557854,Sydney,AB-,Yes,22,25,25,10/18/2018
1e7336d290,Kayla Nolan,keith41@hotmail.com,4TR)Svue!0,+61 453325921,Darwin,O-,No,10,3,6,7/22/2019
e1dbe74102,Teresa Becker,maryhernandez@black-torres.com,Mk05J8GeM$,+61 445197615,Sydney,A-,Yes,42,22,22,5/12/2016
366025d107,Joseph Williams,gutierrezcarla@gmail.com,s^0T@AGig!,+61 473267896,Sydney,B+,No,4,0,0,1/15/2022
8e6fa71be0,Jesse Huerta,mossjustin@richard.net,cu8KEy_b$),+61 455324126,Brisbane,B+,Yes,22,49,49,4/8/2019
3b5841ff4e,Nicole Lawrence,lhuff@harrison-harris.info,6(WkXgBj(n,+61 495915456,Perth,AB-,Yes,61,40,80,4/26/2023
92729b3462,Paul Anderson,jamesjohnson@frank-collins.com,)HKjtZVk5c,+61 415928203,Perth,B-,No,42,10,10,9/27/2021
8af5e214d9,Dana Miller,ronald45@brown-kaiser.com,p%^Npzhr+5,+61 457255669,Perth,B+,No,59,23,23,11/24/2024
7af5d91325,Daniel Jensen,christophermcgee@hotmail.com,C+6rlKv@il,+61 461876500,Sydney,B+,Yes,87,24,24,9/27/2017
4eddb53212,Carl Collins,crivers@thomas.org,IyO$s8u_)3,+61 429982176,Sydney,A+,No,65,0,0,12/23/2017
fe47d973cf,Natalie Frost,allendarius@banks.com,#3K&ZnP$z9,+61 416335787,Melbourne,B+,Yes,86,50,100,6/30/2021
7a4657adb3,Jesse Simmons,claytonperry@lawrence-black.net,!+u@8Fy&Ql,+61 413548936,Hobart,O+,No,91,15,15,3/4/2022
2a5dd2de18,Morgan Duarte,ffranklin@hotmail.com,f)#0(QAp9%,+61 458858844,Perth,O+,Yes,16,26,52,12/18/2018
594b182355,April Robinson,kristin08@clay-fernandez.com,#4)C(f(ewX,+61 422959629,Hobart,O+,Yes,60,24,24,2/27/2024
44561dcf7b,Renee Martin,monica99@gmail.com,*(_Mk9(7(9,+61 462994211,Perth,O-,No,117,37,37,12/4/2022
8572edee6d,Elizabeth Wallace,barnesjames@hotmail.com,p@c@92Hv$^,+61 443872354,Adelaide,AB-,Yes,77,39,78,3/25/2020
db111f6bc0,Christian Martinez,bobbyoneill@moreno-huff.com,cGLLyH6v&0,+61 441811898,Adelaide,A+,No,111,25,25,8/31/2024
4a9a1687e7,Charles Andrews,btorres@hotmail.com,pk!7QGqEG!,+61 481735616,Sydney,B+,No,3,49,98,8/19/2015
d89c812acf,Marcus Graves,perrycourtney@yahoo.com,BeD5LZZrI^,+61 462762082,Hobart,A-,No,77,29,29,2/12/2023
2207724421,Beverly Mitchell,brandon35@mcmillan-garrett.info,v_0*IAeEU1,+61 432764506,Canberra,O-,No,20,37,74,12/15/2016
68c3b9fc3d,Leslie Hodge,pperry@hill-nelson.com,#G4gGdo6LV,+61 477587067,Melbourne,AB-,No,18,40,80,1/20/2023
c1cff22f43,Perry Collins,dianesmith@yahoo.com,rOKdZ0#oK#,+61 473441811,Sydney,B-,No,22,46,92,7/17/2022
9.17E+28,Emily Kennedy,christopher11@gmail.com,rM+61OvcTC,+61 449734166,Hobart,A+,No,70,27,27,3/2/2022
14123d4fdd,Jacob Bryant,kimberly14@cochran-hardin.org,_@Y3M9Rp9L,+61 465102676,Adelaide,O+,Yes,44,8,8,7/21/2019
3357c9470d,Ashley Rogers,traci11@mcdonald-parker.com,7l4BYKe1L&,+61 424804073,Canberra,B+,Yes,55,36,72,11/19/2020
f3045edf5c,Craig Jones,adamsdenise@yahoo.com,e@B2I$2vcr,+61 472212510,Melbourne,A-,No,69,46,46,1/29/2024
50baf2e870,Steven Simmons,shawnharris@moreno.org,vI9QwWpUn&,+61 432714069,Brisbane,B-,Yes,29,1,1,9/7/2022
c00a1b5782,Donna Sullivan,jennifermiller@hotmail.com,q9jzPYUs_q,+61 476174989,Canberra,AB+,No,87,7,14,8/19/2018
94a770fd93,Natasha Wade,austinkim@dixon.com,&2jVtD3h+T,+61 445133974,Brisbane,AB-,No,68,44,44,3/8/2018
4494362f9f,James Taylor,qblackwell@hotmail.com,n6GnGT!6!#,+61 460484517,Adelaide,B-,No,44,24,48,4/18/2018
e4a217d6db,Daniel Ortiz,jenniferruiz@evans-moore.com,%62aLh8ts6,+61 478658596,Adelaide,O+,No,104,6,6,9/8/2018
f9f9f0177b,Brandy Bender,mikecantu@rice.info,(9)nEcGwjQ,+61 429816739,Sydney,A-,Yes,76,41,41,11/7/2020
532a57f930,Mr. Chad Park,dmurphy@gmail.com,$9vj3CVxH2,+61 445793087,Brisbane,O+,Yes,101,2,2,12/15/2022
49d178a8e1,Craig Parker,washingtoncarly@thompson-livingston.com,@78hTdcQgn,+61 425488525,Canberra,O-,No,13,43,86,2/3/2020
fe9377dec8,Scott Powell,lknight@saunders.net,)n9F1i4&LD,+61 459539029,Adelaide,O-,Yes,118,10,10,9/10/2019
327c3b405b,Albert Gates,wgreen@rodriguez.com,o25aMf2lq&,+61 478181544,Brisbane,A+,Yes,112,33,66,1/6/2022
9613e3c4c9,Todd Johnson,glen64@estrada.com,DQoLvfq5@9,+61 491638502,Perth,O-,No,33,1,1,5/7/2021
117b5a5e82,Scott Myers,mark66@yahoo.com,x8DLWdRS$3,+61 462105742,Brisbane,O-,Yes,117,24,24,10/7/2015
202b6f8b75,Todd Hernandez,harperpaul@gmail.com,nR%0A#Pt!U,+61 496443890,Hobart,AB-,Yes,64,29,29,1/21/2022
cd79f336ff,Darren Malone,rhodescharles@anderson.com,p$a3z8vl2R,+61 474416895,Melbourne,AB+,No,70,41,82,7/18/2019
65cf107e06,Gregory Hodges,rebeccasmith@hotmail.com,e+z7jY_xkP,+61 473441868,Adelaide,B+,Yes,69,23,23,7/11/2023
6a897f8221,Jennifer Thompson,cbaker@burke.com,m^8OPn$G7R,+61 450594637,Brisbane,O-,Yes,8,30,60,6/20/2021
c3bd820440,Brian Edwards,qwagner@santana-elliott.com,k6KJ3CLN$7,+61 485983375,Hobart,A-,No,61,14,14,1/27/2019
13184b7af7,Michael Edwards,zdean@gmail.com,7dVEMmfD)5,+61 449821552,Brisbane,AB-,Yes,17,42,42,12/11/2020
36258824d5,Joseph Lawson,scombs@ramos-barrett.com,OKDgeyne&7,+61 499328041,Brisbane,B-,Yes,4,25,50,4/11/2019
d15c4766b2,Jason Walters,birdalyssa@mason-bauer.info,%wSBhUCcJ6,+61 424367272,Darwin,AB-,No,111,6,6,9/11/2018
fac81fc9ae,Martin Newman,gperez@johnson.com,%b4lWM_pd#,+61 442438957,Perth,O-,No,35,14,14,9/29/2019
6102cf31e3,Stephanie Montgomery,vnewton@bruce-daniels.biz,#G@Ci4!xu7,+61 476522389,Canberra,AB-,Yes,9,19,38,2/18/2021
55c293b500,Gregory Miller,cherrybrian@gmail.com,V5_kUZCz(h,+61 440367697,Canberra,O+,Yes,29,18,18,8/2/2015
86739cfbe7,Michael Howard,pamela66@gmail.com,IZtD9A+fx(,+61 474574771,Canberra,AB+,No,78,8,8,3/20/2017
37a122e1bc,Christopher Johnson,madams@gmail.com,z3k3T#qXF^,+61 463847166,Canberra,O-,Yes,83,45,90,1/13/2025
21bec6bed2,Haley Lawson,zball@gmail.com,l&3BwT6Oeg,+61 494847008,Canberra,O+,No,45,25,50,11/20/2020
e2c720177d,Zachary Williams,nicholassavage@gmail.com,AGXQw7Lu9%,+61 424131600,Darwin,AB+,Yes,57,9,18,6/14/2021
c0d1400002,Bethany Parker,aprilharris@gmail.com,*veuIdWxf2,+61 442686318,Brisbane,AB-,No,29,7,14,7/7/2015
0e340f6ca3,Emma Murphy,stephensbobby@marquez-roberts.com,(12hLIZzY8,+61 462172701,Darwin,O-,Yes,86,25,50,3/12/2020
cf734b0673,Holly Barnes,gonzalezaaron@harris.biz,ZBY15DdW&P,+61 475320823,Perth,AB-,Yes,11,30,60,1/18/2023
8316fa1fdd,Aaron Webster,laura80@watson.com,^vUBq8BytO,+61 462917809,Perth,O+,Yes,73,49,49,9/27/2017
0ff01b9a74,Joshua Taylor,wallacepatricia@hotmail.com,ME#5c4Ozr&,+61 464559887,Melbourne,AB+,Yes,92,20,20,8/14/2020
e301a0c695,Megan Rodriguez DDS,snowheather@williams.biz,#e3%+j2fG0,+61 425181127,Brisbane,AB-,Yes,29,2,2,4/22/2022
dd1833048b,Alex Foley,ehensley@marshall.biz,@6gBwFmanv,+61 461361347,Sydney,B+,Yes,105,38,38,9/15/2024
0319bca3fa,Dr. Keith Walters,pwagner@gmail.com,^6K8@_OjH3,+61 420947384,Darwin,B-,Yes,66,39,78,7/9/2023
5a28344d57,Alicia Sharp,barbararyan@coleman.com,tkI9t6SI#3,+61 418962887,Brisbane,B-,Yes,118,26,52,8/15/2021
f0c1b99af8,Thomas Owen,snyderamber@johnson.biz,e*f7R8L9gn,+61 473711129,Sydney,O+,Yes,48,48,48,12/23/2023
e1d3aa6639,Michele Peters,andrewgarza@mcknight.com,f%%4OEstay,+61 492646041,Adelaide,A+,No,90,23,46,3/16/2022
c434464f33,Todd Brown,ndecker@lambert.info,(7+Vhn$Rvs,+61 470923071,Brisbane,A-,No,120,6,6,6/30/2023
3b924cfb7b,Lauren Clarke,anthony72@gmail.com,0tFBQuSu^S,+61 446624143,Sydney,B+,Yes,48,13,26,9/6/2015
01381b5fef,Timothy Williams,ezamora@villegas.com,_i5NuNa9e8,+61 437065819,Hobart,A-,Yes,88,30,30,4/27/2019
4c6d868913,Adam Houston,crawfordjennifer@yahoo.com,T70WTBik_z,+61 478316404,Darwin,O-,Yes,58,35,70,1/4/2020
00dd85bf70,Jessica West,yking@gmail.com,#8eQ1rsye#,+61 427298217,Hobart,AB+,No,10,36,72,1/6/2019
db00a536c8,Cindy Larson,andrea46@steele.com,wVC93AhlW&,+61 441348127,Darwin,B-,No,61,49,98,8/30/2021
db310b8f1c,Jessica Phillips,justin91@hotmail.com,7QZ0zAFy+c,+61 413209907,Darwin,A+,No,97,49,98,2/13/2021
6eed3e7813,Lisa Fletcher,frangel@hill.com,R%15OIDhz$,+61 440062557,Hobart,B-,No,61,30,30,1/24/2022
9aeabe3ea3,Jon Johnson,mark93@cruz.com,%1DMsFVqcD,+61 440636471,Darwin,AB+,No,83,31,31,6/24/2020
9d7323019c,Ashley King MD,xclark@hernandez.com,(1oX0gz+6e,+61 480112682,Melbourne,B-,No,119,33,33,9/30/2016
4f6ac45211,Kathleen Arroyo,sconner@murray.com,)6GxfvcERT,+61 417918434,Brisbane,AB-,Yes,42,39,39,11/1/2017
f73801c88f,Jill Richardson,lisa16@love-curtis.com,)82IYWd59e,+61 472894530,Hobart,B-,No,63,12,12,8/8/2015
02455f7bb6,Alejandro Williams,tonyhartman@gmail.com,)m!*gNg3K0,+61 462464873,Sydney,AB-,Yes,92,20,20,2/10/2022
74e1c0fc10,John Mayer,robinsonjason@spence-anderson.info,$m8RB(zBH%,+61 479687242,Hobart,B+,No,115,42,42,5/7/2017
74165be61e,Robert Garza,alan29@cox-morse.com,)D6bXoCnv6,+61 490270760,Darwin,A+,Yes,62,38,76,12/8/2016
802e813824,Desiree Gonzales MD,herrerabrooke@hotmail.com,W)s1Rkhh@D,+61 484600778,Perth,A+,Yes,7,8,8,8/25/2024
80de1ce6d0,Elizabeth Bailey,amurphy@hotmail.com,#4H+jtOm&5,+61 469487884,Perth,A-,No,118,41,82,9/21/2020
d628323727,Evan Barron,wheelerrobert@turner-alvarez.info,*K0W6D+n+r,+61 455385658,Darwin,B-,Yes,47,35,70,3/14/2016
65ea36309f,Edward Bush,campbellronald@gmail.com,+14@I&Hj7*,+61 468807003,Hobart,O-,No,108,29,29,1/28/2020
5bdedd87d3,Carla Crawford,michael22@crawford.com,mEKR0hLic%,+61 429674277,Perth,A-,Yes,119,25,50,6/13/2021
f2403dbad1,Cody Johnson,brittany12@cooley-schmidt.com,(rKnj69!62,+61 482557532,Perth,AB-,Yes,2,25,25,3/19/2025
443234767b,Allison Hayes,yromero@yahoo.com,cN8+28Vx&d,+61 421753214,Hobart,O+,Yes,81,0,0,3/20/2016
eaa5e5ba2d,Casey Phillips,brianjackson@nguyen-morrison.biz,NkB#h_G3f+,+61 481248093,Darwin,AB+,No,69,34,34,12/29/2022
13a0c2ebca,Jason Monroe,adam92@stafford.com,9@#Q8bWI&@,+61 420507041,Darwin,A+,Yes,53,39,78,6/25/2024
bd6bdbdc1a,Joseph Perez,jwashington@marquez.org,**w$ZYytu3,+61 451887161,Melbourne,A+,Yes,78,1,2,1/8/2019
8c1fe50ab9,Kathleen Colon DDS,sanderson@gmail.com,#NAME?,+61 430586246,Darwin,AB+,Yes,75,28,56,12/20/2021
39e9c35cab,Mary Morris,diazshelley@young.com,8*NED+wt*O,+61 439464618,Hobart,O+,No,29,37,74,6/8/2023
1cdb30b57e,Colin Sweeney,paulconway@walker.info,^%4Q2dus7d,+61 421942314,Sydney,B+,No,80,37,74,1/28/2024
4d49157808,Todd Smith,ekane@rose-kelley.org,@fUU1GBcaO,+61 418495756,Darwin,O+,No,49,46,46,10/7/2019
800c02ea1c,April Campbell,tara38@kaiser.com,P*6DaS2xwN,+61 425649514,Hobart,B+,Yes,113,1,1,6/13/2016
96b15c37ba,Scott Rose,qsanders@hotmail.com,fhVox)Fw^6,+61 467682834,Perth,A+,No,33,24,24,6/21/2016
60c0728fb1,Kelly Alvarez,solomonhannah@yahoo.com,)U4d8CxJu!,+61 456146884,Adelaide,AB-,Yes,95,34,34,9/3/2021
ad2c838c28,Sara Richards,stevengalloway@hotmail.com,)g9TRhowJ+,+61 455465601,Sydney,B+,No,104,1,2,11/3/2020
25c1262233,Craig Dennis,burtonjessica@hotmail.com,^4j#KJUGUu,+61 454504053,Brisbane,AB-,Yes,78,35,70,3/27/2022
08ae46dd73,Michelle Brooks,nicholas91@donovan.com,q2L0bFko@9,+61 419081803,Adelaide,A-,Yes,110,37,37,11/18/2016
fd31c0f215,Erika Williams,garciarobert@yahoo.com,5tI8bg!Y)b,+61 475132161,Sydney,B-,No,12,35,35,8/23/2021
2df8b84804,Robert Davis,sarahcasey@hotmail.com,MF7m#GYlj+,+61 433782176,Perth,O+,Yes,77,44,88,2/28/2018
9cf62e4a7b,Amanda Williams,david67@hotmail.com,q0!G_Yd_@c,+61 456763597,Brisbane,AB+,No,70,12,12,9/18/2019
f1aa4310e3,Ashley Bridges,carrillochloe@diaz.com,^S3)Sbn+1O,+61 472509215,Canberra,B+,No,71,42,42,5/28/2021
93f321bea6,Sherri Sanchez,deborah59@gmail.com,u+7Zoijp+7,+61 421177920,Canberra,AB+,No,4,5,5,10/16/2018
5a4e8f66f2,Janice Davis,campbellann@gmail.com,I5T)^7NmOz,+61 449245884,Melbourne,B+,No,25,32,64,1/18/2016
3e3383011f,Frank Brown,mark19@hotmail.com,#09BfJ%dTw,+61 470275785,Melbourne,O+,No,15,5,10,1/9/2020
4a0091167f,Courtney Young,clinejeffrey@johnson.com,q6XXUtzu&k,+61 453504073,Brisbane,AB+,Yes,80,27,54,8/14/2020
d6b8483603,Meghan Mann,curtisrussell@gmail.com,0v#YZ5Ju4^,+61 414207046,Sydney,A+,No,9,42,84,7/17/2023
00bce782b7,Susan Jones,dyang@gmail.com,j#7W&Ln90q,+61 452536856,Adelaide,A+,Yes,108,44,44,2/6/2022
f267f0eb09,Christopher Brooks,hodgeslisa@foley.com,TrgbZ#6Z^8,+61 444839144,Sydney,O+,No,35,37,37,2/12/2016
5e4c4710f1,Kenneth Marsh,wolsen@gmail.com,07STUYz(_o,+61 444019892,Canberra,O-,No,90,7,14,2/2/2017
477f7edf0d,Thomas Carter,loneal@lee.com,%56XlbIr#C,+61 460260633,Brisbane,A+,Yes,90,30,60,1/29/2016
766e8d197c,Daniel Kirk,psmith@kennedy.net,G(8OW#Owt2,+61 414108041,Perth,A-,No,12,11,11,6/17/2025
74a56bb012,Victoria Wade,billy29@dixon.net,9*Mv39TsQ*,+61 468742945,Sydney,AB-,No,15,33,33,4/22/2021
e55e1f2dfa,Patrick Ingram,uwinters@manning-lee.com,v#5UApKEWE,+61 477086464,Adelaide,AB+,No,55,30,30,10/3/2022
444814827a,Corey Price,barbara26@hotmail.com,o+q$@Swe+0,+61 432042882,Canberra,B-,Yes,19,14,28,5/29/2019
9580ed9d1c,Eric Barrett,harriskatherine@kaufman-nunez.com,em1X+q$b#G,+61 429501566,Brisbane,AB+,Yes,23,14,28,5/6/2022
4db40d634b,Maria Reeves,patricia68@yahoo.com,@#Udsw)(%5,+61 431051257,Perth,B+,Yes,95,15,30,7/30/2023
2d527115ba,Cheryl Parker,debra30@mendez.com,(6D&mNfl#w,+61 412823240,Darwin,B-,Yes,52,10,20,5/4/2020
fcf7c1063d,John Simpson,madison17@yahoo.com,p4Y%Cl4t)Q,+61 477850997,Hobart,B-,No,68,33,66,5/19/2025
869392521,Craig Bailey,jenkinsamanda@hotmail.com,06H97Ti8_C,+61 423829240,Brisbane,A-,Yes,115,5,5,11/11/2015
99af6d996e,Lisa White,zmitchell@yahoo.com,&o7fClYeC5,+61 442618922,Hobart,O-,No,52,22,44,12/4/2022
a9cbbb75e0,Michael Jackson,qwells@wood.org,Z_7RX&Yk_R,+61 444662291,Melbourne,B+,Yes,94,13,13,3/30/2020
e6eb42e85b,Ronald Murphy,levinejuan@hotmail.com,)4Sxbf9KO!,+61 417202153,Melbourne,O-,Yes,57,45,45,6/26/2022
28e5e9052e,James Gonzalez,tiffany89@buchanan.com,#NAME?,+61 490506768,Adelaide,A+,Yes,44,42,84,7/25/2024
bf4ad1eb49,Chase Morgan,josephchung@kelly.com,_8CNi*X3S9,+61 459261369,Adelaide,AB+,Yes,2,30,30,9/26/2018
f921a6e684,Michelle James,angela02@gmail.com,o&6eT$As$M,+61 491680147,Hobart,AB-,No,38,28,28,2/12/2020
c760259d87,Samantha Wilkinson,mlarson@yahoo.com,38aWHN4p^%,+61 473812700,Adelaide,AB-,No,109,40,80,4/13/2016
2ea0ffa03d,Lisa Lopez,curtisshelley@orr.com,#5mM0wiX41,+61 463131676,Hobart,AB+,Yes,24,27,27,3/16/2023
1a2177d94f,Mrs. Laurie Archer,vincent64@greer-gonzalez.org,!7apQEe)Qv,+61 445588809,Brisbane,B+,No,117,21,42,7/14/2023
a7000b443b,Brian Gardner,tarabailey@johnson-castillo.com,_ISo#H0s2h,+61 468173109,Adelaide,O-,Yes,101,46,46,2/19/2024
769266324c,Mr. Joshua Wilson,gonzalezmichael@white.org,_7teaTcWKT,+61 444492863,Darwin,A-,Yes,25,38,38,11/4/2018
efaa37ac64,John Johns,kelsey58@gmail.com,k3W^y_JP!^,+61 444407205,Sydney,B-,Yes,79,11,22,2/28/2022
cc7a0154f2,Christine Warren,powersbrandi@gmail.com,11EX$etI#0,+61 491791986,Adelaide,A+,Yes,2,38,38,4/16/2024
75530732a4,Stephanie Myers,rowlandjonathan@gmail.com,5+5mOjZV65,+61 451661525,Perth,O+,No,94,23,46,5/23/2018
375a1db31b,Tanya Schneider,jonesdeborah@jones.com,(lfSWV4do5,+61 421785860,Hobart,A-,Yes,98,11,11,7/19/2017
a73d686b40,Ashley Norton,elizabethwalker@holland.com,Uq463O3h$b,+61 489708519,Adelaide,AB-,Yes,111,24,24,12/31/2017
09fbbf2b6e,Carol King,michelle22@gmail.com,!Z)F77Fp^z,+61 452851470,Brisbane,B+,No,84,9,18,7/25/2021
21292fb27d,Timothy Harris,ericrobles@cole.biz,%9fROggia0,+61 488759198,Perth,A+,Yes,55,38,38,11/19/2020
dd94afd6d8,Barbara Dalton,zmoore@mathews.net,Ycb8CEF0t$,+61 496755912,Brisbane,A-,No,39,21,21,7/1/2018
a5e8ef5f04,Joseph Carter,staceynguyen@hotmail.com,P^s2e%Thx*,+61 418249368,Canberra,B+,No,84,47,94,10/22/2021
4e874bbf9d,Philip Richardson,ethan15@mills.com,F+3Of11e%Z,+61 475236055,Darwin,AB-,No,114,41,41,4/20/2025
9170f46084,Melissa Mack,jonathankennedy@adams.biz,(&CQx%Gxm1,+61 471560073,Brisbane,A-,No,71,45,90,1/12/2018
793363e907,Whitney Phillips,kpatton@gmail.com,#x6CZxDt+!,+61 491605492,Darwin,O+,Yes,77,26,26,11/19/2020
785b9ea3f8,Robert Leblanc,bryanbaker@gmail.com,(0CXIldrwu,+61 498164949,Melbourne,A-,Yes,95,30,60,5/12/2024
a7ee0d9234,Sheila Jackson,lesliejames@frank-flores.com,_p%45UJllZ,+61 423422794,Hobart,AB+,No,100,7,14,10/13/2022
b3b574940b,Gloria Ibarra,erica40@erickson.com,lr5bM_kxY!,+61 478327353,Melbourne,A+,Yes,77,0,0,4/21/2020
3944ddc3e5,Christopher Johnson,caseyreyes@yahoo.com,!qUUt*X30m,+61 426490867,Hobart,O+,No,113,1,2,8/31/2015
50bab8047f,David Soto,parkersheri@walker.net,^E!#M7soa7,+61 494814618,Brisbane,A-,No,82,37,37,12/25/2019
6dc97d0a19,Holly White,jkelly@hotmail.com,ju2Y2T0w&Z,+61 416537337,Perth,O+,Yes,6,38,76,7/23/2019
06e8e4ed4b,Patrick Sanders,boydamanda@yahoo.com,J(8#z*fz$K,+61 427782031,Adelaide,O+,No,114,34,34,11/13/2024
6fa2957893,Jeffery Lopez,anguyen@stewart.net,BODgrO)u&3,+61 469819217,Brisbane,B+,Yes,75,10,10,10/8/2016
83cb38ad7c,William Mcconnell,jill62@fields.com,$0^1JsCjX*,+61 487383390,Darwin,AB+,No,32,13,26,10/3/2019
104f59cab7,Nathan Johns,shieldswilliam@king.com,%iQVPMfMm8,+61 411207086,Sydney,A-,Yes,81,18,18,4/10/2025
1715c1067a,Daniel Shelton,victoria03@hotmail.com,64H^Cdjy(V,+61 428904502,Brisbane,A-,No,0,47,94,2/25/2023
64f925e2ed,Amber Taylor,smithrandy@pace-cardenas.net,lR!n5_Yx3G,+61 429509989,Canberra,A-,Yes,47,13,26,1/14/2016
ce9b6e5253,Katherine Davis,kara25@parsons-marshall.com,j&6gaEbNS_,+61 470540726,Canberra,O-,No,68,33,33,4/11/2019
f847654952,Alexander Mason,brady86@yahoo.com,fv9ND(da^l,+61 420854291,Canberra,O-,No,99,25,50,5/25/2020
0a1a9321e8,Jose Torres,hprince@moore.com,T89$7Ky9Wb,+61 483991903,Hobart,A-,Yes,18,41,82,3/21/2021
0f5d27bfe1,Jeremy White,megan56@gomez.com,XiVppke@*8,+61 478644397,Canberra,B+,Yes,18,9,9,7/12/2018
5e3680a889,Jose Jenkins,nathan74@hotmail.com,#C0Nbva+b^,+61 461545935,Melbourne,A-,No,72,19,38,8/12/2024
9f8e480c94,Sandra Rodriguez,pschneider@gmail.com,A6L%lyc3#0,+61 499334904,Darwin,O+,No,95,42,84,6/6/2022
5fb6ff20a0,Rachel Lewis,thomasmatthew@yahoo.com,^CnzXSk507,+61 478774643,Canberra,B-,Yes,92,24,48,5/14/2023
d89427f778,Anthony Jenkins,alewis@zhang.com,g$TBL34c@1,+61 455937880,Sydney,B-,Yes,60,7,14,5/27/2017
067de6f3c0,James Larsen,thomas37@wade.com,5R*@1U0t##,+61 468412907,Perth,A+,Yes,5,36,72,9/13/2024
c81c74f89e,Theodore Stanton,dominique20@duncan.net,C58qnRwM#r,+61 415334965,Canberra,B+,No,34,31,62,11/24/2016
e7d46c2d97,Daniel Barr,gilmoresamuel@johnson.com,V4+^iRqp%H,+61 466249169,Sydney,B-,No,95,46,92,3/19/2021
2b7659d143,Laura Ford,karenbarton@gmail.com,$uMC+Yk4F5,+61 431570954,Sydney,O-,Yes,106,24,48,3/14/2024
36c4ec8b86,Ryan Robertson,joephillips@wilson.info,KDq$IlnJ%6,+61 487882006,Darwin,B-,Yes,90,29,29,9/24/2019
53e2ee6dd9,Nicholas Miller,umartin@yahoo.com,_2T+jy!c&5,+61 492083648,Darwin,AB-,No,55,36,36,7/17/2022
560e17e059,Stephen Bonilla,christine97@hotmail.com,(37CI3UY_s,+61 478773301,Hobart,O+,Yes,47,24,48,3/26/2022
4d71593df4,Sandra Diaz,kjohnson@weber.com,f+SV0&MTUp,+61 442295217,Perth,AB+,Yes,68,37,74,8/30/2021
7a9c444dbb,Caleb Smith,david83@gmail.com,op!S9lUy+7,+61 471140879,Perth,AB-,Yes,41,15,15,6/13/2022
ca68d5e971,Charles White,chudson@hoover-garrison.com,CUn9rNyb7$,+61 444453794,Brisbane,A-,No,61,13,13,3/25/2017
e33302e1bd,Teresa Owens,johnfisher@lewis.biz,&zF_sg*PS7,+61 490574158,Canberra,B-,Yes,69,31,31,10/15/2020
4e0900d185,Rebecca Elliott,robertsstephanie@gmail.com,Gb7UbxWZ_3,+61 449425508,Hobart,AB+,Yes,45,26,52,6/5/2022
8744cc5ddb,Donald Simpson,hhenderson@johnson-scott.com,cr8GWQDET),+61 412783275,Sydney,B-,Yes,77,10,20,7/3/2015
5682b2d29d,Jenna Blevins,jasminesmall@yahoo.com,B6Ts*Hse%7,+61 420862987,Adelaide,AB+,No,53,20,40,7/22/2015
a2a78855a7,Lisa Ramos,nelsonchristian@tucker.com,$$7$H5Or4M,+61 417308494,Melbourne,A+,No,20,48,96,2/2/2017
4c1d93c3ee,Michael Hebert,gperez@bowers-taylor.com,!5+8bLy)Wk,+61 492542349,Darwin,AB+,No,109,30,60,2/13/2017
3bed5c7381,Elizabeth Fisher,reillymary@johnson.info,73Vc3$Ka)^,+61 439579278,Melbourne,A-,Yes,64,1,2,10/2/2021
f839e9e5a7,Misty Park,shelly02@sanders.com,(Kug2TwZe&,+61 490077155,Melbourne,B-,Yes,5,50,50,1/2/2023
2b9b24478c,Kenneth Peterson,taramolina@cannon.com,(dwGTNhop3,+61 451887905,Melbourne,O+,Yes,98,36,36,7/5/2018
575b88f499,Samantha Singleton,klevine@thompson.info,f9B4XAf#+7,+61 447275401,Adelaide,B+,Yes,75,14,14,2/15/2024
